2026-03-31_11-18-38,0,draft.go:2026-03-31_11-18-38
2026-03-31_11-18-42,---,draft.go:2026-03-31_11-18-38
2026-03-31_11-40-01,0,draft.go:2026-03-31_11-40-01
2026-03-31_11-52-06,0,draft.go:2026-03-31_11-52-06
2026-03-31_11-52-26,0,draft.go:2026-03-31_11-52-26
2026-03-31_11-52-52,0,draft.go:2026-03-31_11-52-26
2026-03-31_11-53-06,0,draft.go:2026-03-31_11-53-06
2026-03-31_11-53-51,0,draft.go:2026-03-31_11-53-51
2026-03-31_11-55-17,0,draft.go:2026-03-31_11-55-17
2026-03-31_11-55-42,0,draft.go:2026-03-31_11-55-42
2026-03-31_11-55-58,0,draft.go:2026-03-31_11-55-58
2026-03-31_11-56-26,0,draft.go:2026-03-31_11-56-26
2026-03-31_11-58-44,0,draft.go:2026-03-31_11-58-44
2026-03-31_12-01-25,0,draft.go:2026-03-31_12-01-25
2026-03-31_12-02-07,0,draft.go:2026-03-31_12-02-07
2026-03-31_12-02-25,0,draft.go:2026-03-31_12-02-25
2026-03-31_12-02-34,0,draft.go:2026-03-31_12-02-34
2026-03-31_12-03-09,0,draft.go:2026-03-31_12-03-09
2026-03-31_12-03-16,0,draft.go:2026-03-31_12-03-16
2026-03-31_12-03-44,100,draft.go:2026-03-31_12-03-44
2026-03-31_12-09-13,100,draft.go:2026-03-31_12-09-13
