2026-03-31_13-11-36,0,draft.go:2026-03-31_13-11-36
2026-03-31_13-11-47,---,draft.go:2026-03-31_13-11-36
2026-03-31_13-12-13,0,draft.go:2026-03-31_13-12-13
2026-03-31_21-44-08,0,draft.go:2026-03-31_13-12-13
2026-03-31_22-00-12,0,draft.go:2026-03-31_22-00-12
2026-03-31_22-00-41,0,draft.go:2026-03-31_22-00-41
2026-03-31_22-02-02,0,draft.go:2026-03-31_22-02-02
2026-03-31_22-05-06,0,draft.go:2026-03-31_22-05-06
2026-03-31_22-05-58,0,draft.go:2026-03-31_22-05-06
2026-03-31_22-08-54,100,draft.go:2026-03-31_22-08-54
